Row Labels,Sum of margin
733648000,11003367.44
734370000,10627732.81
735602000,10543453.82
764821000,4022430.49
764901000,2419071.63
733649000,2044072.53
726000062,2022761.81
764703110,1698751.07
764521000,1666693.64
735602110,1660109.27
764706120,1266632.62
766121000,1265261.64
727000060,1134244.58
737871000,1004542.52
734990000,934093.73
764643054,884098.51
764822000,870076.53
768221000,864079.71
764901050,860935.84
734311100,829548.87
732820000,817727.1
727000140,814177.16
737321000,812278.26
726000242,809731.52
732690000,761403.94
727032004,759445.67
723800000,758439
733211000,673049.33
733151500,666403.14
764601000,641272.42
726000240,639793.54
766121610,628956.07
733525600,610548.28
764781040,588640.51
764521300,584670.67
726020005,579450.54
734173000,567635.26
737851000,550230.8
768241000,547337.64
764781000,541017.3
733525500,540927.57
793330000,527734.74
735750000,515541.54
771320000,511096.32
764040000,488040.04
724003000,486079.41
726020031,482498.95
764643052,468433.06
764652002,456424.89
734351200,452683.1
733586500,447105.88
734910000,423536.1
734351203,414396.86
739781100,393991.97
766121132,386875.29
764821030,377330.23
764902000,376614.19
777601000,375436.81
768222000,370851.45
733403200,370501.61
733211050,364603.36
726020033,359055.29
766122000,348971.11
727080000,347308.12
718500000,346411.56
793001000,342422.29
764522000,341455.05
764461006,340125.3
764861000,337996.66
726000080,329211.6
715000000,319793.51
764481000,316998.62
720219100,312547.21
777690062,306138.73
768121000,305580.32
777902700,305156.2
727031200,297724
727041200,290188.76
763991000,287257.87
737801000,283369.56
793000500,279676.09
734830000,276482.96
720252303,270917.95
733586600,270657.67
764827550,270337.14
727063022,268882.32
764633510,264466.07
737912200,262051.08
737016200,261449.26
733464500,247715.1
739741100,245053.25
792700000,235895.49
734132000,235869.06
735752000,235758.15
733202000,234432.86
739561200,233947.7
793000010,232523.46
727000046,232427.62
791107600,228905.54
734211200,224360.7
737301000,223947.35
754164100,223146.61
740285000,221366.18
764602600,221240.66
764261000,219424.26
766001000,216902.95
718501000,215671.05
733566300,215116.5
765651000,210526.98
734793020,205709.93
768141003,205375.49
740361900,199019.53
726020019,197109.96
793000000,191691.39
768231000,188540.13
732663000,188401.99
726020009,187022.38
727041000,186551.65
764605000,185762.55
733201000,184223.9
791107850,182003.78
764781022,179146.97
766121133,178482.47
764900005,178373.93
768211000,178009.06
740382201,177818.35
727000030,177564.88
770560000,176967.14
733505300,175745.05
733182180,173134.26
762134000,172185.64
733151600,172090.1
764602000,171421
764820600,169697.17
764521100,168699.97
739561100,167996.34
781580000,167349.77
764631000,164156.29
726020047,162823.06
764030000,159352.59
727070000,159198.18
734251300,158282.59
764609200,154507.48
727063007,152848.57
779987650,150064.61
732821100,148871.36
734761300,148707.63
723960000,145258.62
764901005,142697.78
733490500,142485.57
740402402,142311.09
733030800,140987.28
732830000,135914.86
764827010,134374.87
765501001,134218
734361300,132028.56
733505200,131125.65
740283401,130937.84
793060300,129314.02
740283502,129144.34
779601000,129123.2
791107200,128936.33
715000050,127825.92
764341000,127469.59
733572200,127461.41
793000200,127265.03
738521000,127045.56
734751200,126264.26
732771000,125232.72
766542300,124749.72
768221130,123930.81
770220000,123746
766162000,122489.81
740382101,120228.84
768242007,120093.52
764605020,120043.44
738561000,120002.99
779987651,119350.58
764821020,118507.05
715000500,118420.12
764222050,116650.65
754895000,116534.85
768141000,115462.98
770222000,115333.57
754864016,114019.42
764561000,113930.76
770930000,113442.93
764601010,113111.18
734900000,112882.66
742520150,112290.88
724281410,111494.84
768221010,111006.03
770240000,110728.02
770430000,110465.23
768221120,110217.75
780250000,109762.4
733403300,109639.48
724007000,107625.38
739641100,107201.51
768251210,106639.36
734851000,106548.82
770260000,105912.01
764482000,105510.16
764862000,105368.03
764609500,104479.85
733182300,104247.31
779958212,104126.38
764221000,104055.17
770500000,101817.04
764901056,101406.4
779952600,101333.07
726020015,101278.84
768242010,100567.44
768122200,100170.89
792627000,99741.66
791104295,98260.25
727000440,97741.85
766126012,97177.88
764522030,95601.3
727000042,95588.35
766081010,94971.84
779989700,94957.4
766001510,93461.84
734651200,92860.14
779958169,92207.82
727063005,89993.25
739681100,89499.7
770830000,89034.45
742541500,88770.78
768241800,88371.45
770200000,88146.75
764906000,88012.98
733510000,87144.87
764821029,87117.09
764864000,85251.84
739541100,85211.86
766594001,84656
733640000,84618.8
740063000,83998.2
764761000,82613.98
777901100,82538.47
764609100,81801.3
724311200,81552.03
724071900,80695.59
777904301,80263.57
740285200,79941.2
754447000,78129.08
771504000,77649.97
764787510,77586.29
768550000,77228.43
727000081,77122.53
733566200,76785.63
733525400,75836.12
733221400,75815.41
770372000,74202.15
733526410,73613.94
733484900,73579.57
764261110,73408.16
754925000,72690.16
754525000,72352.27
764345052,71762.94
733511000,71605.49
720271000,71521.81
742520400,70946.82
766261020,70836.9
764762000,70294.15
777585000,69909.85
724281200,69880.58
732659400,69344.14
766211000,69059.59
720290010,68835.57
777642000,67924.2
733610650,67740.74
733586400,67342.45
777922000,66658.15
779989340,66486.6
768242701,66209.56
768021000,65989.42
770522000,64748.84
733543500,64604.99
779985557,64595.66
782070000,64468.34
720474000,63407.55
764651000,62787.43
719500000,62682.85
792687000,61300.34
768242000,60840.13
791104479,60494.6
733444200,60490.72
740025000,60163.33
764521012,60015.19
754844006,58763.01
770230000,58732.35
734414100,58503.77
764822110,58378.13
722413100,58335.42
765662000,58296.26
766594010,58164.69
733464600,58163.43
733572750,57969.72
781670000,57668.81
733671000,57162.64
727063000,56761.27
768222522,56406.44
770392000,56238.92
768251220,56192.52
764602500,56121.19
770540000,55405.6
734070500,54974.03
724261400,54520.39
727000025,53736.92
740262000,53680.15
733571500,53581.68
733444300,53533.23
770264000,53457.32
771500000,53199.13
779956871,52845.51
764903100,52724.3
733721000,52467.52
780770000,52332.11
764864020,52239.84
733543700,51667.79
768022000,51280.59
765661000,51257.65
780645010,50946.29
777990000,50628.4
770510000,50359.6
727063016,50296.89
724311400,50021.54
726020046,49728.11
724261200,49270.43
779988364,49056.56
791106278,48818.88
733403500,48757.9
766006110,48697.57
764602900,48266.84
742520110,48240.31
764521030,48205.31
779952186,48189.89
770220200,47654.55
764020110,47535.42
770740000,47516.94
730552560,47362.07
768221122,47183.1
762104000,47128.17
779989337,47117.08
765665100,47073.32
768212000,46887.63
733571000,46857.84
726020023,46352.94
739370000,46190.4
764526514,46148.05
754305000,45938.61
754267000,45778.7
764951600,45541.64
739561000,45447.28
739761100,45200.47
764301000,44878.75
779952188,44836.72
764902051,44703.84
768250220,44697.04
770380000,44627.92
770600000,44626.89
718507000,44440.27
754847000,44260.13
764802000,44178.34
764862500,44106.5
739451000,43721.29
780370000,43697.35
770810000,43290.03
733725500,43143.06
724281400,42827.99
766006116,42738.95
764785121,42582.9
734000000,42547.1
770512000,42348.43
779952102,42331.62
740402450,42316.75
733182200,42207.39
733586625,42203.51
737902100,42196.95
739390000,42053.21
764525000,41416.65
739541000,41144.26
777901000,41019.15
739452000,40626.46
761924000,40371.54
726020042,40277.7
768122000,40230.89
777902600,40165.02
779958162,40124.35
737311000,39973.61
726020039,39863.73
732664000,39519.17
754055000,39485.68
764821027,39402.26
734121000,39177.46
768750000,38893.43
779952165,38659.75
779956872,38435.3
754924010,38395.47
764605001,38383.43
742451500,38304.62
733141200,37944.09
768111120,37732.05
768142000,37713.39
779988828,37137.71
770942000,37112.33
766261000,36936.06
764262000,36778.93
770800000,36372.34
764605012,35784.48
733383000,35763.92
754695000,35736.58
739541200,35412.58
725482900,35292.22
742451300,35117.74
764901012,34876.48
779959407,34377.27
741001000,34264.97
764821400,33997.72
764952010,33562.11
781610000,33535.04
730710500,33445.09
764342000,33416.83
726020056,33384.97
733484800,33296.32
737251000,32932.87
764764010,32928.22
754907000,32881.83
754477000,32880.25
733572800,32619.34
739457000,32346.17
754087000,31934.32
779988846,31782.34
764824010,31716.07
724101400,31637.89
779988827,31599.46
768242510,31572.49
740142000,31497.58
770722000,31441.3
779958876,31212.76
777905414,31137.31
770450000,30960.86
715001000,30788.91
779988108,30723
779521000,30637.32
781650000,30607.26
755084012,30561.91
768144200,30533.16
779956285,30268.47
735602115,30236.49
720252301,30214.85
768251300,30138.9
770210000,29977.42
764261100,29844.26
726020041,29716.36
779957821,29571.96
733525550,29488.33
771330000,29270.03
754085000,29102.85
763994000,29074.18
792623000,28950.53
764951800,28907.35
764261020,28790.45
764529600,28787.3
724401150,28598.09
780650000,28596.39
734030000,28430.95
739451010,28374.84
754884006,28374.29
779985552,28179.16
792785000,28145.74
733383500,28088.43
764529560,27918.61
770410000,27863.76
780710000,27778.97
764487510,27574.21
766564001,27456.42
732905000,27419
764821026,27387.01
733464400,27334.17
770330000,27318.51
734890000,27284.13
733403100,27255.36
739541005,26918.44
732429400,26891.71
771502000,26827.92
754927000,26815.6
755065000,26792.46
764762060,26715.04
766126500,26609.66
733151550,26491.35
727063009,26413.95
764787200,26012.07
754904006,25994.7
754904005,25992.36
764762073,25748.18
768232500,25482.51
733444210,25388.47
792620000,25211.11
770880000,25118.38
770580000,25045.25
770360000,24715.05
780690000,24641.06
740023000,24574.3
764906200,24450.5
726020007,24414.23
766161000,24372.64
754045000,24256.66
734661300,24255.31
764301020,24213.17
779959409,24190.42
759631000,24146
738542000,24050
793060000,23997.22
770850000,23987.92
733423700,23876.31
764706300,23718.28
754867000,23648.27
777903100,23428.69
737017020,23422.78
770520000,23413.09
768751000,23375.03
734762000,23365.24
734162000,22947.44
768112030,22895.75
754926000,22847.4
733218000,22805.69
777993000,22779.19
768222512,22766.59
734080010,22752.72
733505100,22593.97
764752120,22337.85
777902300,22321.07
733221200,21718.27
793530000,21597.08
768222530,21569.15
765655000,21556.82
738401000,21535.97
734611100,21501.4
777901300,21498.63
764462510,21353.55
733218300,21352.96
779957935,21331.11
727063020,21319.93
766121615,21268.09
779989967,21103.86
777905413,20955.67
764050000,20913.09
770570000,20876.39
726020018,20762.71
764264054,20707.72
734961000,20688.04
735862000,20668.86
770218000,20587.77
727000100,20545.96
791106479,20505.15
764264050,20499.82
764520500,20440.22
754527000,20349.14
770530000,20255.73
779958986,20245.16
764524000,20217.93
779956823,20209.98
764347010,20183.05
793520000,20160.68
779958209,20088.84
777741073,20070.97
733570000,20035.16
795482000,19895.34
738361000,19833.4
764785100,19738.69
754844005,19596.66
764563001,19592.18
777143000,19545.12
768221012,19485.49
791006850,19442.44
766122500,19409.62
779952185,19400.14
727000080,19272.03
754485000,19257.32
735655000,19242.87
764826700,19196.94
724034500,19114.36
766166000,19008.48
780260000,18970.86
779956835,18898.68
784320000,18881.47
791006650,18718.4
770212000,18583.62
764265110,18573.47
754067000,18534.62
780290000,18500.67
779958205,18460.8
724281700,18395.52
764523000,18380.33
766004000,18191.47
762114000,18014.32
745121000,18003.29
771400000,17967.04
770565000,17879.83
754204010,17866.78
742461100,17854.66
770440000,17804.89
792624000,17804.49
754887000,17567.71
780680000,17559.99
779956939,17550.12
770280000,17506.07
764521022,17339.26
766689000,17273.73
777904000,17244.01
779956826,17217.12
764901054,17214.96
779958166,17148.94
733464510,17071.37
771100000,17066.5
770720000,17035.68
779571000,16993.95
768225030,16854.2
764821161,16786.5
791002500,16772.97
779989966,16528.03
766045000,16428.7
742451000,16384.64
768141020,16273.23
715000300,16250.63
770290000,16206.14
735890000,16164.15
724413000,16082.01
766125500,16072.88
754495000,15995.03
779959408,15887.01
770710000,15826.08
781630000,15723.32
779988176,15608.11
737861000,15440.65
779951186,15392.51
733384000,15268.59
779980925,15255.36
764601110,15228.96
733184000,15154.03
764864005,15147.71
765735000,15146.82
768241600,15096.19
764528300,15049.12
737651000,14964.09
754727000,14898.18
792062000,14896.14
764706110,14894.68
754467000,14863.36
764952100,14776.68
734970000,14615.85
734711100,14611.46
780730000,14606.09
770700000,14577.5
763902000,14545.04
779989574,14508.38
792735000,14492.39
779958200,14472.5
718551000,14247.23
739541020,14235.6
764822024,14207.46
733141300,14199.6
777994000,14194.94
768217310,14125.54
733444100,14088.04
781500000,13995.91
792734000,13973.76
733543000,13919.62
733152500,13913.04
768142074,13881.13
733182340,13870.76
754095000,13834.01
764528200,13813.56
733481000,13681.16
764601012,13533.14
795900120,13509.18
766594000,13456.59
762116000,13414.77
793320074,13341.05
764528100,13327.84
780640000,13299.3
770340000,13236.79
777699062,13127.97
764828710,13107.76
754327000,13086.03
793060330,13080.94
733572600,12999.15
768217320,12886.65
777691562,12793.23
768250221,12786.94
768111220,12778.95
764824002,12775.44
777991000,12660.14
793000410,12656.03
768242900,12628.01
733566100,12591.74
779988831,12524.21
770300000,12510.66
754107000,12470.86
792683000,12452.45
764785122,12398.76
780210000,12390.88
733423800,12311.38
779957936,12295.55
779957280,12281.86
733202009,12221.27
779980910,12155.9
764823500,12071.43
742461000,12054.97
764523200,12011.34
770550000,11935.75
793260074,11908.43
740402301,11857.42
779951110,11790.08
737550600,11751.62
766121007,11747.29
754754020,11692.95
739450000,11692.07
733832000,11653.61
768111000,11636.04
768221110,11607.67
777690362,11604.54
777691162,11468.85
768080000,11447.89
764829200,11427.6
793540000,11426.98
779957812,11393.74
766041100,11383.07
751348000,11380.41
761073000,11369.27
768111200,11343.32
784260000,11330.01
792730000,11319.22
792702000,11304.05
779980240,11282.07
742431000,11268.02
764264056,11236.01
742471100,11217.93
779988964,11169.78
764829220,11104.71
784360000,11073.78
779957196,10989.22
733423600,10951.71
779958687,10950.87
789360000,10949.7
779959837,10912.47
751258000,10853.8
733870000,10812.5
781970000,10787.49
771002000,10785.13
764526010,10759.68
771120000,10733.68
793160000,10721.42
766212000,10695.81
733444220,10666.79
764761010,10625.13
734000008,10583.36
764302500,10576.17
779957815,10564.52
770460000,10557.27
779957221,10501.99
779980780,10480.12
784140000,10418.84
771102000,10361.89
764264052,10344.42
764521320,10336.2
733423710,10324.89
764865100,10279.18
791107400,10215.53
727063008,10183.18
792622000,10164.47
764349000,10125.39
779952189,10121.36
768241500,10090.35
764261120,10063.38
777698063,10031.94
788260020,10012.98
779988973,10004
777691262,9982.08
777690862,9958.12
768241030,9939.98
777903800,9876.71
768133000,9858.83
768231012,9852.05
779956824,9827.22
779958163,9818.94
779980223,9802.29
764827500,9788.49
770940000,9778.84
740123000,9752.16
764561020,9601.6
733742000,9577.94
789160000,9571.26
768041000,9521.17
781540000,9512.3
759821000,9504.64
777921000,9495.4
759671000,9480.59
734151100,9457.71
782050000,9456.85
777980000,9432
767970140,9428.78
777142000,9426.9
764765000,9388.38
754065000,9351.5
733151520,9344.44
779956844,9327.93
726020037,9295.35
764222010,9271.17
764562000,9226.41
764827505,9193.65
764521073,9151
793410000,9074.01
779988955,9049.92
732675000,8886.43
754924013,8846.97
737550200,8837.78
777907221,8750.96
724101200,8737.51
779984659,8659.14
733521350,8639.72
771404000,8634.63
764462210,8540.53
733566400,8521.9
741101000,8512.12
779956873,8485.27
779951021,8460.62
766122110,8419.08
793550074,8402.26
766005000,8382.55
779980918,8373.34
734950000,8310.93
779959708,8292.16
768222200,8251.52
764824000,8206.89
764526513,8196.85
754877000,8183.19
739564300,8173.93
779956216,8140.32
779952105,8121.21
768121010,8040.1
759661000,7969.28
779956843,7965.2
764564000,7932.27
777692562,7915.32
766681100,7897.29
779981056,7885.64
733221010,7853.16
768241100,7750.32
793409000,7727.98
733741000,7703.27
779081000,7614.58
764951700,7592.6
768242011,7483.95
784180000,7468.32
764524020,7452.57
739951050,7434.68
777905410,7426.61
754864010,7287.62
771170000,7261.77
779956889,7248.98
775171000,7245.9
739661100,7231.68
766231000,7190.36
764602512,7182.69
739821010,7182.08
764348000,7162.4
779959551,7153.08
766001200,7105.32
777902610,7025.3
727063018,7013.35
768241102,6930.06
742641500,6912.98
768250200,6884.02
777710073,6881.15
764345061,6864.83
724121400,6863.89
764706200,6807.06
777904400,6801.57
732670000,6782.44
733542005,6737.05
779952106,6731.98
764827000,6724.61
791106668,6685.66
764484000,6651.31
764822020,6638.72
764526600,6630.35
753945000,6581.02
754285000,6550.84
740382150,6535.01
740361701,6531.84
734351204,6531.29
768540000,6489.57
764821073,6460.7
770870000,6413.94
792780000,6409.76
754127000,6408.36
768222112,6405.93
768530000,6399.88
733182400,6394.77
764862600,6385.01
768511000,6376.95
754906000,6374.88
793250074,6307.42
733182390,6245.75
764266501,6231.53
771132000,6177.12
785800000,6161.53
779985554,6153.51
788200010,6130.78
779440100,6129.34
764820500,6117.38
735657000,6089.68
733182010,6063.33
764601020,6050.45
739521100,6034.26
754874005,6029.55
734822000,6007.36
795551000,6006.92
754465000,6005.89
793408000,6000.62
768132200,5933.82
754445000,5929.2
755107000,5899.99
791104475,5885.13
764345053,5875.18
733867100,5871.14
764787101,5855.98
740103000,5838.32
758422000,5822.83
764785000,5800.82
758461000,5752.41
779989329,5739.97
777780074,5720.74
754077000,5700.47
792760000,5664.69
742645000,5653.92
766122006,5627.05
764762200,5621.92
766121008,5596.45
737651010,5575.84
770202000,5568.51
724281900,5567.03
768131000,5566.48
761051000,5526.98
734142001,5522.02
753965000,5513.72
740283550,5497.42
764563000,5482.49
780280000,5331.25
764902010,5318.48
748602000,5316.23
734464300,5278.97
733171900,5250.76
777750074,5235.72
780310000,5204.45
779980245,5180.73
764905200,5166.91
735602010,5130.17
741061000,5090.09
733882000,5088.7
779959916,5058.68
779980915,5058.36
779959412,5031.37
779956856,5002.2
779981050,4974.09
766750050,4961.84
768031000,4953.69
779952109,4934.46
780230000,4918.44
724121700,4903.61
739951051,4901.56
777587000,4898.2
764490000,4867.83
777992000,4830.12
795900000,4816.34
764827501,4810.39
764524010,4789.11
780240000,4766.66
779988283,4749.16
779958170,4726.16
727031000,4678.24
779956840,4677.11
768121012,4660
795763000,4656.12
732695000,4652.84
764787102,4648.86
768112000,4641.17
779986490,4622.52
784000000,4599.32
779958167,4595.88
777580000,4585.55
732620000,4583.13
766162051,4581.73
779041000,4556.28
737032000,4520.96
768222550,4512.67
779980291,4471.61
779989336,4451.56
767990000,4447.3
793450174,4423.05
764526020,4419.96
768780000,4415.72
764827502,4404.45
779957701,4402.53
737015102,4400.74
767960000,4381.31
735650000,4367.03
770262000,4356.57
779988972,4356.5
733403230,4254.86
727032005,4245.68
754866000,4245.42
792650000,4232.32
739380000,4225.63
733610680,4224.8
764901061,4214.43
766046000,4209.07
779951023,4180.67
771000000,4151.1
724401500,4131.47
781590000,4129.73
732429300,4122.61
792764000,4106.7
777750076,4065.6
766081013,4054.08
733545810,4052.63
733484700,4051.06
754665000,4051.03
768242821,4039.6
792783000,4037.59
779958793,4025.25
764902021,4016.96
793560000,4010.67
764903000,4010.14
779980760,4003.3
766541110,4002.76
732662000,3946.02
754047000,3944.2
779988929,3942.48
733182380,3904.2
749906600,3902.29
779981057,3895.28
766121612,3894.1
789180000,3892.11
733572900,3871.59
764526810,3863.34
727031300,3849.07
777650000,3819.44
784200000,3798.58
764862400,3797.55
764951900,3792.08
774901000,3765.56
767540000,3758.45
779980750,3737.3
779956599,3721.57
726000247,3716.49
791003400,3695.71
764261610,3657.79
793336074,3645
761071000,3630.6
754097000,3601.44
768133500,3600.59
733011000,3599.64
780670000,3595.64
764901011,3578.42
770601000,3564.82
779988243,3560.69
793320000,3548.6
737261000,3522.03
766123050,3499.54
779221000,3479.19
768126014,3472.91
720455000,3468.18
734040000,3424.36
732630000,3424.24
780630000,3396
779952300,3384.32
795210000,3379.76
764528510,3366.76
754826000,3360.92
759651000,3355.36
791104480,3342.7
735602116,3329.64
764481220,3326.32
768133400,3312.25
742723400,3287.21
793580000,3211.17
771152000,3186.88
779959403,3181.16
779957232,3175.77
766686000,3175.7
754287000,3171.15
733423720,3162.99
792610000,3159.41
784100000,3149.62
779957700,3148.14
766121070,3141.01
795762000,3128.02
754647000,3119.12
777903000,3116.49
755087000,3104.46
764907010,3092.87
779957621,3090.21
764783000,3061.84
779956498,3044.94
770244000,3041.71
741620310,3032.97
733490600,3029.97
734010000,3028.64
770270000,3010.25
777905412,3003.74
782060000,2989.83
777750073,2979.68
734810000,2979.29
779988813,2966.22
779986562,2957.83
779956888,2947.14
738381000,2941.3
774661000,2937.38
732650000,2936.94
733505700,2933.67
765702000,2933.22
741640310,2926.87
777730600,2917.8
779958512,2914.52
764561200,2908.07
779261000,2884.7
779989420,2883.14
764303200,2877.16
779001000,2875.89
738601000,2873.41
737550400,2863.98
791104277,2858.94
780720000,2848.28
764563100,2845.3
770310000,2823.78
780330000,2820.75
779980286,2814.96
766162300,2805.47
779956217,2798.82
770320000,2790.85
765503112,2764.1
733545700,2762.32
754487000,2754.1
793550000,2728.82
777998700,2725
739781101,2698.63
754317000,2693.5
738071000,2685.78
779957053,2665.32
779959108,2648.8
779957925,2646.36
777905401,2639.82
777692662,2626.94
780561000,2624.88
779988960,2616.4
777730021,2605.2
734752000,2599.76
793330074,2597.97
739841000,2596.38
767500000,2594.38
737201000,2588.08
779958865,2582.42
779988145,2559.68
777905415,2551.22
738441000,2549.83
779201000,2535.12
768232000,2490.21
739681200,2487.72
768132210,2481.68
727000070,2445.3
779958688,2439.57
779959709,2438.34
764902301,2430.2
764601051,2415.42
779959909,2407.35
782020000,2393.2
733832010,2385.98
742501300,2380.24
737915000,2369.12
754307000,2367.2
767501000,2359.6
779956886,2342.79
777691862,2335.89
767970110,2320.38
779959908,2313.63
768753000,2312.5
779958690,2273.55
764825000,2272.27
770140000,2271.63
764827503,2250.79
779957613,2227.89
777652674,2225.7
754286000,2217.76
777692462,2212.66
779951086,2193
777903700,2180.55
733464900,2175.79
777780073,2171.11
779181000,2157.01
737671000,2151.7
737821000,2148.38
779987564,2140.72
779958676,2139.09
777643000,2122.41
764827504,2121
768127000,2120.62
791104481,2112.3
768251400,2107.12
742501400,2097.14
779980285,2082.6
779956842,2074.74
764781300,2074.35
733602010,2070.58
766688000,2064.5
742546000,2059.78
764483200,2046.53
738501000,2045.45
777694062,2035.26
784210000,2034.82
777690162,2022.72
779956874,2005.69
785890000,2003.44
770400000,2001.97
774401000,2000.34
766541100,1991.03
742548000,1990.8
739761101,1984.84
777590000,1979.32
764489300,1978.35
745471000,1968.7
764261600,1964.04
764222000,1961.21
733834800,1949.77
779958689,1942.5
733496000,1939.64
765541000,1936.72
779984680,1933.5
770524000,1918.73
781570000,1909.82
770026100,1899.29
764563500,1881.72
781940000,1868.16
777690262,1847.26
741720310,1827.2
754885000,1805.13
791104260,1797.64
754886000,1795.1
779959870,1792.45
779951075,1784.45
765664200,1777.41
754265000,1777.07
779959123,1771.65
779951269,1765.48
779957054,1755.45
754044100,1754.91
779958171,1745.04
764821300,1737.12
737811000,1735.46
779958247,1733
754164005,1727.53
764785130,1719.24
779957414,1705.78
770400100,1699.08
766081200,1680.68
780760000,1680.33
768250020,1673.06
766021000,1656.72
779988954,1650.36
779905209,1643.52
785780000,1637.18
779550100,1632.48
751365000,1627.96
788100000,1626.23
792600000,1625.36
777903300,1625.2
793452074,1623.87
733831000,1617.31
770221000,1611.34
770531000,1601.64
733221050,1597.42
774981100,1596.53
770415000,1587.72
792685000,1559.49
754924014,1539.28
781550000,1525.01
777888897,1500.8
780521000,1497.61
740146000,1491.86
764803000,1488.04
768144210,1469.1
784400000,1463.2
765502000,1458.98
779957955,1449.33
766481000,1440.03
779958862,1432.1
766007000,1430.88
779956945,1424.45
784120000,1418.24
770201000,1416.44
780401000,1413.64
784130000,1406.78
770381500,1400.04
767970000,1393.91
764302000,1390.72
735751000,1380.14
743975000,1337.9
777902200,1334.18
780270000,1325.45
768231200,1325.15
764827150,1323.1
779989696,1317.03
791003500,1313.07
781660000,1304.2
779957820,1295.84
792654000,1292.07
770860000,1286.44
770301000,1285.98
779958691,1283.19
758531000,1282.34
779957176,1273.06
734861000,1270.26
735990100,1265.98
734454200,1263.2
779952104,1259.04
779986951,1257.42
779958201,1255.28
777902889,1254.56
764465010,1245.3
777907250,1242
779956887,1241.58
788460000,1238.43
779958984,1227.52
766081016,1211.53
726020030,1210.93
754255000,1202.99
764483000,1202.14
764526500,1187.39
733586505,1186.98
739454500,1186.28
791104770,1185.74
764521020,1182.44
779980287,1175
779958161,1170.3
777907222,1170
764861300,1167.1
764864006,1166.38
753967000,1163.52
791104760,1156.56
777692262,1147.89
780750000,1123.02
770511000,1119.27
742491700,1117.22
779956841,1112.38
777690462,1103.34
776101000,1092
777652474,1068.8
779988148,1066.4
779988833,1066.12
754295000,1065.19
779959414,1062.8
779958863,1062.52
770322000,1060.78
770332000,1047.73
737211000,1047.15
779952144,1038.99
792614000,1037.86
770231000,1035.84
733501550,1034.03
764461000,1029.94
734000006,1022.56
793346074,1016.32
777950000,1015.1
754565000,1007.4
751165000,1006.32
779957834,994.92
768243600,986.75
741041000,984.84
779959184,983.98
770830200,981.02
785740000,978.88
770571000,976.24
742411000,974.52
764342110,972.07
754367000,961.26
777690962,960.44
770211000,960.37
771130000,959.85
779956598,958.94
766121040,950.87
772101000,947.62
779988136,942.08
770568000,939.5
779986561,934.66
764826800,911.61
770303000,909.17
735750110,904.66
777740073,903.5
779958210,902.65
779988139,895.44
779957722,894.02
779980284,890
777720000,888.16
770245000,886.87
777140073,871.41
754905000,843.7
733443000,843.4
764526610,838.72
777715000,838.4
780360000,835.35
779980081,828.62
764643100,828.2
773161000,825
754864023,809.02
768021005,806.57
774631000,799.47
768222130,799.4
791104880,794.52
779957702,794.32
740142500,787.39
768231400,787.22
739721000,787.02
779959183,784.08
776131000,779.89
766161100,771.77
779958975,763.22
734712000,758.55
780200000,758.4
753987000,754.6
777690562,753.34
764902501,745.27
792004000,733.41
766041000,723.51
764487500,722.09
779956286,722.04
741021000,719.47
779959904,714.74
779956287,712.13
767970010,710.94
791004100,706.98
779988940,696.64
779988146,696.32
732630100,686.99
764822010,681.43
777691062,678.76
779988169,678.2
791104675,673.42
754247000,669.71
777902892,666.9
779958250,666.6
773591000,664.38
725441100,660.89
735750112,654.33
774301000,653.71
793520074,649.56
774271000,647.02
785760000,625.74
764526520,618.49
754896000,617.2
768133200,613.84
725441200,611.39
779959180,607.47
754275000,605.75
755007000,600.87
779952098,599.74
770312000,598.97
779121000,598.29
779988147,596
780620000,592.24
779301000,587.63
782030000,585.87
777691962,581.7
777583000,578.3
755125000,571.7
793260000,568.16
775011000,564.93
770120000,562.96
764223010,562.19
779952145,562.17
777692362,560.4
779989770,560.08
740405000,559.16
742442000,558.69
779021000,557.49
764266000,557.37
774751000,556.86
777692762,556.22
764561210,553.13
773131000,552.74
777731073,548.63
775131000,546.63
779951213,544.89
754387000,542.83
733218500,541.68
775151000,535.91
773501000,531.92
754427000,530.96
770620100,529.72
781800000,528.57
770100000,526.15
770250000,525.09
754864020,523.12
774191000,521.14
767970020,520.92
781835000,519.48
753997000,515.98
777692162,506.22
733442000,497.05
771991000,487.39
777690662,485.38
779959124,484.94
768231300,479.65
770501000,479.56
764484003,476.58
779959402,465
733212055,462.1
754297000,458.14
764483600,458.08
766163100,455.54
777690762,454.74
777902887,450
777763000,448.8
735751020,443.27
777902888,441
770392700,440.98
779958220,439.51
779958694,437.83
770514000,432.22
771172000,432.07
774201000,431.58
741600310,421.88
737009844,410.08
777692062,409.74
779956289,405.7
779980289,405
779988847,399.02
779959993,396.22
733528000,395.28
777691662,389.22
777902891,387
779984172,384
779988252,381.81
780501000,378.01
773450100,376.14
780421000,370.53
779957703,369.38
779958693,364.4
779958211,363.56
774671000,359.64
785620000,359.25
777693062,356.6
779956806,355.14
777904402,352.48
777730022,349.02
764826500,347.48
764863000,346.66
764523020,346.51
792720000,343.59
773191000,339.7
777691762,338.88
779957846,334.87
777730073,330.31
779958696,327.47
779959125,324.91
785580000,324.66
764483500,322.84
764346500,322.31
780610000,320.73
764826200,301.24
758431000,301.04
754187000,300.94
777652362,300.18
779959413,299.19
739310000,298.92
735751022,290.53
779989990,290.22
766685000,279.54
779985571,274.57
770310500,273.06
779958864,270.48
779986495,259.04
777652562,256.92
779958963,254.4
776201000,244.7
777905411,244.29
724121200,244.23
774311000,243.57
779959401,239.56
733212000,235.82
724311900,234.61
764827061,233.57
779952097,232.64
779900912,232
754725000,225.72
775201000,221.17
779988134,218.04
779957171,216.81
780600000,216.29
764523010,216.29
779989410,211.5
779959204,207.85
793530074,207.32
792410000,205.5
777695062,204.46
779988910,203.7
726000246,201.07
739452500,200.86
792420000,190.69
774141000,187.72
764221100,186.36
764523504,184.65
754165000,182.77
754155000,182.52
779957139,172.97
737009817,171.6
780531000,168.12
754175000,167.44
775061000,158.9
771810000,158.7
777761000,151.2
773801000,148.56
779987255,141.72
777696062,139.6
768115000,135.52
779989510,135
779988135,131.46
779980770,129.96
779957257,122.91
766681300,117.71
779959182,116.53
781805000,116.32
779900911,116
777671000,111.82
767650000,110.9
779987718,108.91
779957258,104.98
779988890,104
779985087,102.72
779951061,101.14
739681101,100.49
764264058,93.35
754197000,88.69
779956288,87.07
771910510,81.84
777698062,79.3
777697062,79.3
779957254,75.84
771981000,71.9
779957933,69.33
779959135,68.4
764527200,68.31
779989944,65.3
777902890,64.8
764781050,60.62
767660000,59.85
777670000,59.76
779959804,59.3
779988138,55.12
754007000,52.76
764561220,52.08
779988137,47.3
777692962,44.86
777652462,44.14
777693162,44.14
779956579,42.4
768224000,41.81
779957077,40.3
777652862,38.25
777652762,38.25
764901600,31.73
772051000,28.08
775111000,24.99
777692862,24.92
777693262,24.24
779957013,23.44
779958032,22.14
775091000,21.7
766681200,21.1
767550000,18.69
779958914,18.6
780190000,16.87
779989946,15.9
779989945,11.2
779986450,8.03
779957600,3.7
777730020,-18.61
779957137,-30.24
793280074,-41.82
773450200,-77.2
777888898,-81
764340523,-96.03
777888893,-98.28
777998500,-100.07
768750010,-100.31
777888899,-198
777888891,-230.4
777998000,-304.32
779959406,-314.76
777888896,-320.76
777144000,-352
779958168,-375.04
777888894,-550.8
764521061,-570.4
777902886,-591.36
739290000,-592.97
777888890,-660.96
777888892,-899.64
777888895,-928.8
779959405,-1058.36
764601500,-1067.62
737009842,-1109.52
779980290,-1270.75
737271000,-1532.41
777762000,-1858.08
791106280,-4273.68
777906100,-4822.56
764901073,-9242
737550000,-12612.18
728030000,-13086.42
Grand Total,129183718.1
